{
  "id": "",
  "name": "",
  "font_family": "iconfont",
  "css_prefix_text": "icon-",
  "description": "",
  "glyphs": [
    {
      "icon_id": "8776631",
      "name": "view",
      "font_class": "icon-test",
      "unicode": "e633",
      "unicode_decimal": 58931
    },
    {
      "icon_id": "15838435",
      "name": "bad",
      "font_class": "bad",
      "unicode": "e666",
      "unicode_decimal": 58982
    },
    {
      "icon_id": "33986997",
      "name": "喜欢",
      "font_class": "xihuan",
      "unicode": "e61d",
      "unicode_decimal": 58909
    }
  ]
}
